outcome_type,variable,coeficiente,error_estandar,valor_p,radius_size,years_offset
tasas,min,-0.0000079,0.0000040,0.0469459,50,1.5
total,min,-0.1225416,0.0638084,0.0547997,50,1.5
tasas,total,-0.0000082,0.0000057,0.1481709,50,1.5
total,total,-0.1296364,0.0908835,0.1537524,50,1.5
tasas,pic,0.0000091,0.0000071,0.1985435,250,1
tasas,fcs,-0.0000004,0.0000003,0.1884513,37.5,1
tasas,min,-0.0000044,0.0000042,0.2916792,50,1
total,fcs,-0.0063230,0.0048653,0.1937368,37.5,1
total,pic,0.1426190,0.1131494,0.2075075,250,1
total,pic,0.1576421,0.1456051,0.2789556,250,0.5
tasas,pic,0.0000099,0.0000091,0.2784170,250,0.5
total,min,-0.0683297,0.0669256,0.3072639,50,1
tasas,fcs,0.0000006,0.0000005,0.2080766,100,0.5
tasas,total,0.0000149,0.0000145,0.3024830,250,1
total,total,0.2361508,0.2318863,0.3084925,250,1
total,fcs,0.0095831,0.0079168,0.2260991,100,0.5
tasas,fcs,-0.0000005,0.0000004,0.2671425,37.5,0.5
tasas,min,-0.0000046,0.0000052,0.3718109,50,0.5
total,fcs,-0.0071500,0.0066235,0.2803672,37.5,0.5
tasas,total,0.0000085,0.0000093,0.3592426,150,1
total,total,0.1358947,0.1487543,0.3609523,150,1
total,min,0.1043509,0.1048083,0.3194272,150,1
tasas,min,0.0000065,0.0000065,0.3179518,150,1
tasas,total,0.0000144,0.0000181,0.4266864,250,0.5
total,min,-0.0700021,0.0823802,0.3954670,50,0.5
total,total,0.2271505,0.2899908,0.4334495,250,0.5
total,pic,-0.0750494,0.0893220,0.4007897,100,0.5
total,min,-0.1382623,0.1548353,0.3718764,250,1.5
tasas,min,-0.0000085,0.0000097,0.3775005,250,1.5
tasas,pic,-0.0000044,0.0000056,0.4341558,100,0.5
total,pic,0.0936369,0.1020131,0.3586762,250,1.5
total,pic,0.0354494,0.0426934,0.4063546,37.5,1.5
tasas,pic,0.0000058,0.0000064,0.3631141,250,1.5
tasas,pic,0.0000022,0.0000027,0.4180063,37.5,1.5
total,total,-0.0672544,0.1230818,0.5847769,50,0.5
tasas,total,-0.0000042,0.0000077,0.5873589,50,0.5
total,pic,0.0471222,0.0698519,0.4999289,150,1.5
tasas,total,-0.0000035,0.0000061,0.5594949,50,1
tasas,pic,0.0000028,0.0000044,0.5176719,150,1.5
tasas,fcs,-0.0000002,0.0000003,0.4272901,50,1
total,total,-0.0560106,0.0974159,0.5653157,50,1
total,fcs,-0.0038289,0.0048712,0.4318425,50,1
total,total,0.0814404,0.1426302,0.5680064,150,1.5
tasas,min,0.0000051,0.0000081,0.5290478,150,0.5
total,min,0.0799660,0.1298361,0.5379605,150,0.5
tasas,total,0.0000050,0.0000089,0.5740382,150,1.5
total,fcs,0.0097926,0.0127507,0.4424824,250,0.5
total,fcs,-0.0059176,0.0088093,0.5017472,250,1.5
tasas,fcs,0.0000006,0.0000008,0.4488742,250,0.5
tasas,fcs,-0.0000004,0.0000005,0.5018923,250,1.5
total,min,0.0960714,0.1617982,0.5526638,250,1
tasas,min,0.0000060,0.0000101,0.5536630,250,1
tasas,fcs,-0.0000003,0.0000004,0.4542164,50,0.5
total,fcs,-0.0051382,0.0069013,0.4565589,50,0.5
total,pic,0.0294845,0.0475030,0.5348052,37.5,1
tasas,total,0.0000048,0.0000116,0.6751485,150,0.5
total,total,0.0771364,0.1849426,0.6766178,150,0.5
tasas,pic,0.0000018,0.0000030,0.5433636,37.5,1
total,min,0.0432692,0.0916588,0.6368783,100,1
tasas,min,0.0000027,0.0000057,0.6357698,100,1
total,fcs,0.0037821,0.0075740,0.6175285,200,1.5
tasas,fcs,0.0000002,0.0000005,0.6398892,200,1.5
tasas,total,0.0000032,0.0000084,0.7055307,100,1
total,total,0.0476303,0.1350235,0.7242718,100,1
tasas,min,0.0000039,0.0000126,0.7541528,250,0.5
total,pic,0.0297544,0.0761672,0.6960593,150,1
tasas,pic,0.0000018,0.0000048,0.7013876,150,1
total,min,-0.0469743,0.1247971,0.7066154,200,1.5
tasas,pic,-0.0000025,0.0000074,0.7363334,200,0.5
total,min,0.0597158,0.2006947,0.7660501,250,0.5
tasas,fcs,-0.0000001,0.0000003,0.6979449,37.5,1.5
tasas,min,-0.0000028,0.0000078,0.7177523,200,1.5
total,min,0.0348107,0.1009318,0.7301745,150,1.5
tasas,min,0.0000022,0.0000063,0.7287288,150,1.5
total,pic,-0.0372838,0.1187564,0.7535577,200,0.5
tasas,min,0.0000023,0.0000072,0.7472986,100,0.5
tasas,min,-0.0000015,0.0000039,0.7061428,37.5,1
total,fcs,-0.0016278,0.0045333,0.7195411,37.5,1.5
total,total,0.0256828,0.0854190,0.7636676,37.5,1.5
total,min,0.0354909,0.1155673,0.7587662,100,0.5
total,total,-0.0511060,0.1746835,0.7698557,200,1.5
tasas,total,-0.0000031,0.0000109,0.7766576,200,1.5
total,min,-0.0214433,0.0629415,0.7333399,37.5,1
total,fcs,-0.0021301,0.0059636,0.7209587,100,1.5
tasas,fcs,-0.0000001,0.0000004,0.7221146,100,1.5
tasas,min,-0.0000013,0.0000047,0.7897278,37.5,0.5
tasas,fcs,0.0000002,0.0000004,0.7261282,150,1
tasas,pic,0.0000011,0.0000032,0.7331894,50,1
tasas,min,0.0000023,0.0000080,0.7690323,200,1
tasas,fcs,0.0000002,0.0000006,0.7362432,150,0.5
tasas,total,0.0000013,0.0000053,0.8018207,37.5,1.5
total,fcs,0.0024275,0.0077180,0.7531199,200,1
total,pic,0.0161480,0.0518495,0.7554658,50,1
total,pic,-0.0156048,0.0628503,0.8039139,100,1.5
total,total,-0.0505430,0.2174634,0.8162112,250,1.5
total,min,0.0331159,0.1282345,0.7962177,200,1
tasas,fcs,-0.0000002,0.0000006,0.7795088,250,1
tasas,fcs,0.0000001,0.0000005,0.7751115,200,1
tasas,total,-0.0000031,0.0000136,0.8201548,250,1.5
tasas,pic,-0.0000009,0.0000039,0.8223611,100,1.5
total,fcs,-0.0025397,0.0093910,0.7868223,250,1
total,pic,-0.0221014,0.0917196,0.8095803,200,1
total,pic,0.0135240,0.0616796,0.8264459,37.5,0.5
total,min,-0.0152422,0.0756734,0.8403693,37.5,0.5
total,fcs,0.0024901,0.0092983,0.7888526,150,0.5
total,fcs,0.0017895,0.0069692,0.7973580,150,1
total,total,-0.0299754,0.1733962,0.8627518,100,0.5
tasas,pic,0.0000007,0.0000039,0.8532429,37.5,0.5
tasas,pic,-0.0000011,0.0000057,0.8436332,200,1
tasas,pic,0.0000008,0.0000042,0.8537228,50,0.5
tasas,total,-0.0000010,0.0000071,0.8854744,37.5,0.5
tasas,min,-0.0000007,0.0000038,0.8487688,37.5,1.5
tasas,min,0.0000015,0.0000100,0.8823773,200,0.5
tasas,total,-0.0000014,0.0000108,0.8961154,100,0.5
total,pic,-0.0065764,0.0468922,0.8884666,50,1.5
tasas,total,0.0000014,0.0000115,0.9056578,200,1
total,min,-0.0081389,0.0603614,0.8927413,37.5,1.5
total,total,-0.0226741,0.2310252,0.9218165,200,0.5
total,pic,0.0078859,0.0679475,0.9076061,50,0.5
tasas,fcs,0.0000000,0.0000003,0.9007240,50,1.5
total,fcs,-0.0005184,0.0044780,0.9078319,50,1.5
tasas,pic,0.0000004,0.0000043,0.9200085,100,1
total,min,0.0086609,0.0884709,0.9220154,100,1.5
total,total,-0.0088682,0.1130847,0.9374933,37.5,0.5
tasas,min,0.0000005,0.0000055,0.9221528,100,1.5
total,min,0.0137331,0.1601638,0.9316701,200,0.5
tasas,pic,-0.0000005,0.0000052,0.9234989,200,1.5
tasas,fcs,0.0000000,0.0000004,0.9131026,100,1
total,pic,-0.0079138,0.0833508,0.9243579,200,1.5
tasas,pic,-0.0000005,0.0000061,0.9397790,150,0.5
tasas,total,-0.0000010,0.0000144,0.9439964,200,0.5
tasas,pic,-0.0000003,0.0000029,0.9305511,50,1.5
total,total,-0.0090740,0.1280713,0.9435163,100,1.5
total,total,0.0134420,0.1836540,0.9416532,200,1
total,fcs,0.0008766,0.0104820,0.9333532,200,0.5
tasas,total,-0.0000005,0.0000080,0.9521664,100,1.5
total,fcs,0.0004657,0.0060644,0.9387925,100,1
total,fcs,-0.0004925,0.0068541,0.9427219,150,1.5
total,pic,-0.0053198,0.0972668,0.9563836,150,0.5
total,pic,0.0038954,0.0688657,0.9548912,100,1
tasas,fcs,0.0000000,0.0000004,0.9806483,150,1.5
total,total,0.0017182,0.0911282,0.9849569,37.5,1
tasas,total,-0.0000001,0.0000057,0.9898385,37.5,1
tasas,fcs,0.0000000,0.0000007,0.9951389,200,0.5