radius_m,outcome,specification,fixed_effects,variable,coef,se,p_value,stars,n_obs,r_squared
75,total,sin_efectos_fijos,no,Intersección,0.7189,0.0209,0.0,***,,
75,total,sin_efectos_fijos,no,Tratamiento,0.0248,0.03025,0.41239,,,
75,total,sin_efectos_fijos,no,Tiempo,-0.2567,0.02626,0.0,***,,
75,total,sin_efectos_fijos,no,Tratamiento x Tiempo,-0.004466,0.03775,0.90584,,,
75,total,con_efectos_fijos,yes,Tratamiento x Tiempo,-0.004466,0.03775,0.94628,,,
75,rate,sin_efectos_fijos,no,Intersección,4.502e-05,1.308e-06,0.0,***,,
75,rate,sin_efectos_fijos,no,Tratamiento,1.466e-06,1.888e-06,0.43733,,,
75,rate,sin_efectos_fijos,no,Tiempo,-1.295e-05,1.71e-06,0.0,***,,
75,rate,sin_efectos_fijos,no,Tratamiento x Tiempo,-2.021e-07,2.446e-06,0.93415,,,
75,rate,con_efectos_fijos,yes,Tratamiento x Tiempo,-2.021e-07,2.446e-06,0.95886,,,
100,total,sin_efectos_fijos,no,Intersección,0.8226,0.02122,0.0,***,,
100,total,sin_efectos_fijos,no,Tratamiento,0.07608,0.0319,0.01706,**,,
100,total,sin_efectos_fijos,no,Tiempo,-0.2732,0.02712,0.0,***,,
100,total,sin_efectos_fijos,no,Tratamiento x Tiempo,-0.03053,0.04031,0.44872,,,
100,total,con_efectos_fijos,yes,Tratamiento x Tiempo,-0.03053,0.04031,0.64743,,,
100,rate,sin_efectos_fijos,no,Intersección,5.15e-05,1.325e-06,0.0,***,,
100,rate,sin_efectos_fijos,no,Tratamiento,4.703e-06,1.988e-06,0.01799,**,,
100,rate,sin_efectos_fijos,no,Tiempo,-1.36e-05,1.757e-06,0.0,***,,
100,rate,sin_efectos_fijos,no,Tratamiento x Tiempo,-1.6e-06,2.602e-06,0.53854,,,
100,rate,con_efectos_fijos,yes,Tratamiento x Tiempo,-1.6e-06,2.602e-06,0.68426,,,
200,total,sin_efectos_fijos,no,Intersección,1.422,0.03122,0.0,***,,
200,total,sin_efectos_fijos,no,Tratamiento,0.01494,0.04434,0.73619,,,
200,total,sin_efectos_fijos,no,Tiempo,-0.4905,0.03865,0.0,***,,
200,total,sin_efectos_fijos,no,Tratamiento x Tiempo,0.0213,0.05523,0.69981,,,
200,total,con_efectos_fijos,yes,Tratamiento x Tiempo,0.0213,0.05523,0.81306,,,
200,rate,sin_efectos_fijos,no,Intersección,8.899e-05,1.951e-06,0.0,***,,
200,rate,sin_efectos_fijos,no,Tratamiento,9.856e-07,2.768e-06,0.72176,,,
200,rate,sin_efectos_fijos,no,Tiempo,-2.497e-05,2.485e-06,0.0,***,,
200,rate,sin_efectos_fijos,no,Tratamiento x Tiempo,1.676e-06,3.554e-06,0.63728,,,
200,rate,con_efectos_fijos,yes,Tratamiento x Tiempo,1.676e-06,3.554e-06,0.75008,,,
300,total,sin_efectos_fijos,no,Intersección,1.894,0.03546,0.0,***,,
300,total,sin_efectos_fijos,no,Tratamiento,-0.03016,0.05057,0.55098,,,
300,total,sin_efectos_fijos,no,Tiempo,-0.5983,0.04458,0.0,***,,
300,total,sin_efectos_fijos,no,Tratamiento x Tiempo,0.02226,0.06391,0.72758,,,
300,total,con_efectos_fijos,yes,Tratamiento x Tiempo,0.02226,0.06391,0.82601,,,
300,rate,sin_efectos_fijos,no,Intersección,0.0001186,2.219e-06,0.0,***,,
300,rate,sin_efectos_fijos,no,Tratamiento,-1.878e-06,3.16e-06,0.55237,,,
300,rate,sin_efectos_fijos,no,Tiempo,-2.94e-05,2.876e-06,0.0,***,,
300,rate,sin_efectos_fijos,no,Tratamiento x Tiempo,1.403e-06,4.124e-06,0.7336,,,
300,rate,con_efectos_fijos,yes,Tratamiento x Tiempo,1.403e-06,4.124e-06,0.81271,,,
400,total,sin_efectos_fijos,no,Intersección,2.668,0.04463,0.0,***,,
400,total,sin_efectos_fijos,no,Tratamiento,-0.08578,0.06256,0.17029,,,
400,total,sin_efectos_fijos,no,Tiempo,-0.8782,0.05636,0.0,***,,
400,total,sin_efectos_fijos,no,Tratamiento x Tiempo,0.0891,0.07911,0.26006,,,
400,total,con_efectos_fijos,yes,Tratamiento x Tiempo,0.0891,0.07911,0.4977,,,
400,rate,sin_efectos_fijos,no,Intersección,0.0001672,2.79e-06,0.0,***,,
400,rate,sin_efectos_fijos,no,Tratamiento,-5.481e-06,3.903e-06,0.16032,,,
400,rate,sin_efectos_fijos,no,Tiempo,-4.35e-05,3.63e-06,0.0,***,,
400,rate,sin_efectos_fijos,no,Tratamiento x Tiempo,5.345e-06,5.09e-06,0.29369,,,
400,rate,con_efectos_fijos,yes,Tratamiento x Tiempo,5.345e-06,5.09e-06,0.48908,,,
500,total,sin_efectos_fijos,no,Intersección,3.428,0.05459,0.0,***,,
500,total,sin_efectos_fijos,no,Tratamiento,0.003539,0.07751,0.96358,,,
500,total,sin_efectos_fijos,no,Tiempo,-1.106,0.06824,0.0,***,,
500,total,sin_efectos_fijos,no,Tratamiento x Tiempo,0.08112,0.09731,0.40453,,,
500,total,con_efectos_fijos,yes,Tratamiento x Tiempo,0.08112,0.09731,0.61697,,,
500,rate,sin_efectos_fijos,no,Intersección,0.0002148,3.413e-06,0.0,***,,
500,rate,sin_efectos_fijos,no,Tratamiento,1.465e-07,4.836e-06,0.97583,,,
500,rate,sin_efectos_fijos,no,Tiempo,-5.425e-05,4.392e-06,0.0,***,,
500,rate,sin_efectos_fijos,no,Tratamiento x Tiempo,5.258e-06,6.251e-06,0.40027,,,
500,rate,con_efectos_fijos,yes,Tratamiento x Tiempo,5.258e-06,6.251e-06,0.57267,,,
